name	type	spacer_seq
block10_guide0	exp	ucucuagaggugcgcuuguuuucagagc
block10_guide13	exp	uggagauuauuugucucuagaggugcgc
block10_guide23	exp	cuacuagucauggagauuauuugucucu
block10_guide4	exp	uuugucucuagaggugcgcuuguuuuca
block11_guide0	exp	ucuccaucuacuagucauggagauuauu
block11_guide13	exp	guugaaaagugcuucuccaucuacuagu
block11_guide23	exp	uuggcgagcuguugaaaagugcuucucc
block11_guide4	exp	ugcuucuccaucuacuagucauggagau
block12_guide0	exp	acuggcuuuggcgagcuguugaaaagug
block12_guide13	exp	cggugccagaucaacuggcuuuggcgag
block12_guide23	exp	gugagcuuggcggugccagaucaacugg
block12_guide4	exp	aucaacuggcuuuggcgagcuguugaaa
block13_guide0	exp	cgggugggugagcuuggcggugccagau
block13_guide13	exp	cucccaagucauucgggugggugagcuu
block13_guide23	exp	uccaucuaugcucccaagucauucgggu
block13_guide4	exp	cauucgggugggugagcuuggcggugcc
block14_guide0	exp	uuccgauuccaucuaugcucccaaguca
block14_guide13	exp	uguuaugcacauuuuccgauuccaucua
block14_guide23	exp	ccccuccucuuguuaugcacauuuuccg
block14_guide4	exp	cauuuuccgauuccaucuaugcucccaa
block15_guide0	exp	auccacuccccuccucuuguuaugcaca
block15_guide13	exp	uauaugucuuuuuauccacuccccuccu
block15_guide23	exp	aucuaggauguauaugucuuuuuaucca
block15_guide4	exp	uuuuauccacuccccuccucuuguuaug
block16_guide0	exp	gcauauaaucuaggauguauaugucuuu
block17_guide0	exp	uauuaugcagcucugaguaggccagugg
block17_guide13	exp	uggcgacaaugcauauuaugcagcucug
block17_guide23	exp	agcccuuugauggcgacaaugcauauua
block17_guide4	exp	ugcauauuaugcagcucugaguaggcca
block18_guide0	exp	uguggcgagcccuuugauggcgacaaug
block18_guide13	exp	auggaucuucauguguggcgagcccuuu
block18_guide23	exp	ucggacacuaauggaucuucaugugugg
block18_guide4	exp	cauguguggcgagcccuuugauggcgac
block19_guide0	exp	uuagauuucggacacuaauggaucuuca
block19_guide13	exp	uccccuuuuuccuuuagauuucggacac
block19_guide23	exp	uuuguguaguuccccuuuuuccuuuaga
block19_guide4	exp	uccuuuagauuucggacacuaauggauc
block1_guide0	exp	ucauuaaagccucaguacucuguuauuu
block1_guide13	exp	gccauccagaugaucauuaaagccucag
block1_guide23	exp	agagucucaugccauccagaugaucauu
block1_guide4	exp	augaucauuaaagccucaguacucuguu
block20_guide0	exp	uguccaauuuguguaguuccccuuuuuc
block20_guide13	exp	cagggccugaacauguccaauuugugua
block20_guide23	exp	ucuguuauagcagggccugaacaugucc
block20_guide4	exp	aacauguccaauuuguguaguuccccuu
block21_guide0	exp	cugccuuucuguuauagcagggccugaa
block21_guide13	exp	acccacucuuccucugccuuucuguuau
block21_guide23	exp	cuaucauaugacccacucuuccucugcc
block21_guide4	exp	uccucugccuuucuguuauagcagggcc
block22_guide0	exp	caacucucuaucauaugacccacucuuc
block22_guide13	exp	guugcagcaucaacaacucucuaucaua
block22_guide23	exp	uucccuacuuguugcagcaucaacaacu
block22_guide4	exp	ucaacaacucucuaucauaugacccacu
block23_guide0	exp	uugauauuucccuacuuguugcagcauc
block23_guide13	exp	ccagcuuaaaaguuugauauuucccuac
block23_guide23	exp	ucuggugacaccagcuuaaaaguuugau
block23_guide4	exp	aaguuugauauuucccuacuuguugcag
block24_guide0	exp	uggggauucuggugacaccagcuuaaaa
block2_guide0	exp	uuacauaagagucucaugccauccagau
block2_guide13	exp	agaucacuuacaauuacauaagagucuc
block2_guide23	exp	uuuuuucaagagaucacuuacaauuaca
block2_guide4	exp	acaauuacauaagagucucaugccaucc
block3_guide0	exp	ucauucauuuuuucaagagaucacuuac
block3_guide13	exp	cauggguuuccauucauucauuuuuuca
block3_guide23	exp	cucuuucccucauggguuuccauucauu
block3_guide4	exp	ccauucauucauuuuuucaagagaucac
block4_guide0	exp	agcucuucucuuucccucauggguuucc
block4_guide13	exp	uuuagaaggguuuagcucuucucuuucc
block4_guide23	exp	gauuuuaauguuuagaaggguuuagcuc
block4_guide4	exp	guuuagcucuucucuuucccucaugggu
block5_guide0	exp	ggaaacagauuuuaauguuuagaagggu
block5_guide13	exp	gucaucagacagaggaaacagauuuuaa
block5_guide23	exp	ccacacauaagucaucagacagaggaaa
block5_guide4	exp	cagaggaaacagauuuuaauguuuagaa
block6_guide0	exp	aaaaccuccacacauaagucaucagaca
block6_guide13	exp	aaugucaggucauaaaaccuccacacau
block6_guide23	exp	cccccauucaaaugucaggucauaaaac
block6_guide4	exp	ucauaaaaccuccacacauaagucauca
block7_guide0	exp	uguugcacccccauucaaaugucagguc
block7_guide13	exp	ccuugaauguugauguugcacccccauu
block7_guide23	exp	ugcuuccauuccuugaauguugauguug
block7_guide4	exp	uugauguugcacccccauucaaauguca
block8_guide0	exp	cucucggugcuuccauuccuugaauguu
block9_guide0	exp	uugagcucaggcuccuucucugcuuuac
block9_guide13	exp	guuuucagagcuuuugagcucaggcucc
block9_guide23	exp	aggugcgcuuguuuucagagcuuuugag
block9_guide4	exp	gcuuuugagcucaggcuccuucucugcu
control1	pos	agccacuauuuaaagaagucgcuagagc
control2	pos	uucuuuugcacacaugaagaucuucaua
control3	pos	gucugauggcuuucauuugacucgcaag
control4	pos	gcuuuuugcgccuuuuuccaucucgagg
neg_control1	neg	acaucucuuuuguuugucuucauguagg
neg_control2	neg	cuggcuuauuuccuaacauagauacauc
neg_control3	neg	augucagguguucccccucugugcaccc
